"areaName","landOwnerName","fullName","commonName","year"
"National Capital","4-Mile Run Conservancy","4-Mile Run","Bird",2020
"National Capital","4-Mile Run Conservancy","4-Mile Run","Common Grackle",2020
"National Capital","4-Mile Run Conservancy","4-Mile Run","Eastern gray squirrel",2020
"National Capital","4-Mile Run Conservancy","4-Mile Run","Empty",2020
"National Capital","4-Mile Run Conservancy","4-Mile Run","Human",2020
"National Capital","4-Mile Run Conservancy","4-Mile Run","Mourning Dove",2020
"National Capital","4-Mile Run Conservancy","4-Mile Run","Raccoon",2020
"National Capital","4-Mile Run Conservancy","4-Mile Run","Red fox",2020
"National Capital","4-Mile Run Conservancy","4-Mile Run","Unknown",2020
"National Capital","4-Mile Run Conservancy","4-Mile Run","White-tailed deer",2020
"National Capital","Arlington National Cemetery","Arlington National Cemetery","Bird",2020
"National Capital","Arlington National Cemetery","Arlington National Cemetery","Bird - Blue jay",2020
"National Capital","Arlington National Cemetery","Arlington National Cemetery","Eastern chipmunk",2020
"National Capital","Arlington National Cemetery","Arlington National Cemetery","Eastern cottontail rabbit",2020
"National Capital","Arlington National Cemetery","Arlington National Cemetery","Eastern gray squirrel",2020
"National Capital","Arlington National Cemetery","Arlington National Cemetery","Empty",2020
"National Capital","Arlington National Cemetery","Arlington National Cemetery","Flying squirrel (cannot ID)",2020
"National Capital","Arlington National Cemetery","Arlington National Cemetery","Human",2020
"National Capital","Arlington National Cemetery","Arlington National Cemetery","Mouse",2020
"National Capital","Arlington National Cemetery","Arlington National Cemetery","Northern Flicker",2020
"National Capital","Arlington National Cemetery","Arlington National Cemetery","Raccoon",2020
"National Capital","Arlington National Cemetery","Arlington National Cemetery","Red fox",2020
"National Capital","Arlington National Cemetery","Arlington National Cemetery","Unknown",2020
"National Capital","Arlington National Cemetery","Arlington National Cemetery","White-tailed deer",2020
"National Capital","Arlington National Cemetery","Arlington National Cemetery","White-throated sparrow",2020
"National Capital","Arlington National Cemetery","Arlington National Cemetery","Wood Thrush ",2020
"National Capital","Army Navy Country Club","Army Navy Country Club","American robin",2020
"National Capital","Army Navy Country Club","Army Navy Country Club","Bird",2020
"National Capital","Army Navy Country Club","Army Navy Country Club","Bird - Blue jay",2020
"National Capital","Army Navy Country Club","Army Navy Country Club","Domestic cat",2020
"National Capital","Army Navy Country Club","Army Navy Country Club","Downy Woodpecker",2020
"National Capital","Army Navy Country Club","Army Navy Country Club","Eastern chipmunk",2020
"National Capital","Army Navy Country Club","Army Navy Country Club","Eastern cottontail rabbit",2020
"National Capital","Army Navy Country Club","Army Navy Country Club","Eastern gray squirrel",2020
"National Capital","Army Navy Country Club","Army Navy Country Club","Empty",2020
"National Capital","Army Navy Country Club","Army Navy Country Club","Human",2020
"National Capital","Army Navy Country Club","Army Navy Country Club","Raccoon",2020
"National Capital","Army Navy Country Club","Army Navy Country Club","Red fox",2020
"National Capital","Army Navy Country Club","Army Navy Country Club","Unknown",2020
"National Capital","Army Navy Country Club","Army Navy Country Club","White-tailed deer",2020
"National Capital","Army Navy Country Club","Army Navy Country Club","Wood Thrush ",2020
"National Capital","City of Alexandria ","Ben Brenman Park","Empty",2020
"National Capital","City of Alexandria ","Ben Brenman Park","Human",2020
"National Capital","City of Alexandria ","Ben Brenman Park","Red fox",2020
"National Capital","City of Alexandria ","Ben Brenman Park","Unknown",2020
"National Capital","City of Alexandria ","Dora Kelley Nature Park","Bird",2020
"National Capital","City of Alexandria ","Dora Kelley Nature Park","Coyote",2020
"National Capital","City of Alexandria ","Dora Kelley Nature Park","Domestic cat",2020
"National Capital","City of Alexandria ","Dora Kelley Nature Park","Domestic dog",2020
"National Capital","City of Alexandria ","Dora Kelley Nature Park","Empty",2020
"National Capital","City of Alexandria ","Dora Kelley Nature Park","Human",2020
"National Capital","City of Alexandria ","Dora Kelley Nature Park","Raccoon",2020
"National Capital","City of Alexandria ","Dora Kelley Nature Park","Red fox",2020
"National Capital","City of Alexandria ","Dora Kelley Nature Park","Unknown",2020
"National Capital","City of Alexandria ","Dora Kelley Nature Park","White-tailed deer",2020
"National Capital","City of Alexandria ","Fort Williams Park","American robin",2020
"National Capital","City of Alexandria ","Fort Williams Park","Bird",2020
"National Capital","City of Alexandria ","Fort Williams Park","Domestic cat",2020
"National Capital","City of Alexandria ","Fort Williams Park","Domestic dog",2020
"National Capital","City of Alexandria ","Fort Williams Park","Eastern chipmunk",2020
"National Capital","City of Alexandria ","Fort Williams Park","Eastern gray squirrel",2020
"National Capital","City of Alexandria ","Fort Williams Park","Empty",2020
"National Capital","City of Alexandria ","Fort Williams Park","Gray Catbird",2020
"National Capital","City of Alexandria ","Fort Williams Park","Human",2020
"National Capital","City of Alexandria ","Fort Williams Park","Mourning Dove",2020
"National Capital","City of Alexandria ","Fort Williams Park","Raccoon",2020
"National Capital","City of Alexandria ","Fort Williams Park","Red fox",2020
"National Capital","City of Alexandria ","Fort Williams Park","Unknown",2020
"National Capital","City of Alexandria ","Lee District Park","Coyote",2020
"National Capital","City of Alexandria ","Lee District Park","Domestic dog",2020
"National Capital","City of Alexandria ","Lee District Park","Eastern cottontail rabbit",2020
"National Capital","City of Alexandria ","Lee District Park","Eastern gray squirrel",2020
"National Capital","City of Alexandria ","Lee District Park","Empty",2020
"National Capital","City of Alexandria ","Lee District Park","Human",2020
"National Capital","City of Alexandria ","Lee District Park","Raccoon",2020
"National Capital","City of Alexandria ","Lee District Park","Red fox",2020
"National Capital","City of Alexandria ","Lee District Park","Unknown",2020
"National Capital","City of Alexandria ","Lee District Park","White-tailed deer",2020
"National Capital","City of Alexandria ","Lillian Carey Park","Bird",2020
"National Capital","City of Alexandria ","Lillian Carey Park","Coyote",2020
"National Capital","City of Alexandria ","Lillian Carey Park","Domestic cat",2020
"National Capital","City of Alexandria ","Lillian Carey Park","Domestic dog",2020
"National Capital","City of Alexandria ","Lillian Carey Park","Eastern gray squirrel",2020
"National Capital","City of Alexandria ","Lillian Carey Park","Empty",2020
"National Capital","City of Alexandria ","Lillian Carey Park","Human",2020
"National Capital","City of Alexandria ","Lillian Carey Park","Raccoon",2020
"National Capital","City of Alexandria ","Lillian Carey Park","Red fox",2020
"National Capital","City of Alexandria ","Lillian Carey Park","Unknown",2020
"National Capital","City of Alexandria ","Lillian Carey Park","Virginia opossum",2020
"National Capital","City of Alexandria ","Lillian Carey Park","White-tailed deer",2020
"National Capital","City of Alexandria ","Monticello Park","American robin",2020
"National Capital","City of Alexandria ","Monticello Park","Bird",2020
"National Capital","City of Alexandria ","Monticello Park","Bird - Blue jay",2020
"National Capital","City of Alexandria ","Monticello Park","Common Grackle",2020
"National Capital","City of Alexandria ","Monticello Park","Domestic dog",2020
"National Capital","City of Alexandria ","Monticello Park","Downy Woodpecker",2020
"National Capital","City of Alexandria ","Monticello Park","Eastern chipmunk",2020
"National Capital","City of Alexandria ","Monticello Park","Eastern cottontail rabbit",2020
"National Capital","City of Alexandria ","Monticello Park","Eastern gray squirrel",2020
"National Capital","City of Alexandria ","Monticello Park","Empty",2020
"National Capital","City of Alexandria ","Monticello Park","Human",2020
"National Capital","City of Alexandria ","Monticello Park","Mouse",2020
"National Capital","City of Alexandria ","Monticello Park","Northern cardinal",2020
"National Capital","City of Alexandria ","Monticello Park","Raccoon",2020
"National Capital","City of Alexandria ","Monticello Park","Red fox",2020
"National Capital","City of Alexandria ","Monticello Park","Unknown",2020
"National Capital","City of Arlington","Barcroft Park","Domestic dog",2020
"National Capital","City of Arlington","Barcroft Park","Eastern gray squirrel",2020
"National Capital","City of Arlington","Barcroft Park","Empty",2020
"National Capital","City of Arlington","Barcroft Park","Human",2020
"National Capital","City of Arlington","Barcroft Park","Raccoon",2020
"National Capital","City of Arlington","Barcroft Park","Red fox",2020
"National Capital","City of Arlington","Barcroft Park","Unknown",2020
"National Capital","City of Arlington","Barcroft Park","White-tailed deer",2020
"National Capital","City of Arlington","Bluemont Park","American robin",2020
"National Capital","City of Arlington","Bluemont Park","Bird",2020
"National Capital","City of Arlington","Bluemont Park","Brown Thrasher",2020
"National Capital","City of Arlington","Bluemont Park","Eastern chipmunk",2020
"National Capital","City of Arlington","Bluemont Park","Eastern gray squirrel",2020
"National Capital","City of Arlington","Bluemont Park","Empty",2020
"National Capital","City of Arlington","Bluemont Park","Human",2020
"National Capital","City of Arlington","Bluemont Park","Northern Flicker",2020
"National Capital","City of Arlington","Bluemont Park","Raccoon",2020
"National Capital","City of Arlington","Bluemont Park","Red fox",2020
"National Capital","City of Arlington","Bluemont Park","Unknown",2020
"National Capital","City of Arlington","Bluemont Park","White-tailed deer",2020
"National Capital","City of Arlington","Minor Hill Park","American robin",2020
"National Capital","City of Arlington","Minor Hill Park","Bird",2020
"National Capital","City of Arlington","Minor Hill Park","Brown Rat",2020
"National Capital","City of Arlington","Minor Hill Park","Domestic cat",2020
"National Capital","City of Arlington","Minor Hill Park","Domestic dog",2020
"National Capital","City of Arlington","Minor Hill Park","Eastern chipmunk",2020
"National Capital","City of Arlington","Minor Hill Park","Eastern cottontail rabbit",2020
"National Capital","City of Arlington","Minor Hill Park","Eastern gray squirrel",2020
"National Capital","City of Arlington","Minor Hill Park","Empty",2020
"National Capital","City of Arlington","Minor Hill Park","Human",2020
"National Capital","City of Arlington","Minor Hill Park","Mouse",2020
"National Capital","City of Arlington","Minor Hill Park","Northern cardinal",2020
"National Capital","City of Arlington","Minor Hill Park","Northern Flicker",2020
"National Capital","City of Arlington","Minor Hill Park","Northern Mockingbird",2020
"National Capital","City of Arlington","Minor Hill Park","Raccoon",2020
"National Capital","City of Arlington","Minor Hill Park","Rat spp.",2020
"National Capital","City of Arlington","Minor Hill Park","Red fox",2020
"National Capital","City of Arlington","Minor Hill Park","Unknown",2020
"National Capital","City of Arlington","Minor Hill Park","White-tailed deer",2020
"National Capital","Columbia Country Club","Columbia Country Club Golf Course","American robin",2020
"National Capital","Columbia Country Club","Columbia Country Club Golf Course","Bird",2020
"National Capital","Columbia Country Club","Columbia Country Club Golf Course","Eastern gray squirrel",2020
"National Capital","Columbia Country Club","Columbia Country Club Golf Course","Empty",2020
"National Capital","Columbia Country Club","Columbia Country Club Golf Course","Human",2020
"National Capital","Columbia Country Club","Columbia Country Club Golf Course","Northern cardinal",2020
"National Capital","Columbia Country Club","Columbia Country Club Golf Course","Northern Flicker",2020
"National Capital","Columbia Country Club","Columbia Country Club Golf Course","Raccoon",2020
"National Capital","Columbia Country Club","Columbia Country Club Golf Course","Red fox",2020
"National Capital","Columbia Country Club","Columbia Country Club Golf Course","Unknown",2020
"National Capital","Columbia Country Club","Columbia Country Club Golf Course","White-tailed deer",2020
"National Capital","District Parks and Rec","Pope Branch Park","Bird",2020
"National Capital","District Parks and Rec","Pope Branch Park","Bird - Blue jay",2020
"National Capital","District Parks and Rec","Pope Branch Park","Dark-eyed Junco",2020
"National Capital","District Parks and Rec","Pope Branch Park","Domestic cat",2020
"National Capital","District Parks and Rec","Pope Branch Park","Eastern gray squirrel",2020
"National Capital","District Parks and Rec","Pope Branch Park","Empty",2020
"National Capital","District Parks and Rec","Pope Branch Park","House Sparrow ",2020
"National Capital","District Parks and Rec","Pope Branch Park","Human",2020
"National Capital","District Parks and Rec","Pope Branch Park","Northern cardinal",2020
"National Capital","District Parks and Rec","Pope Branch Park","Raccoon",2020
"National Capital","District Parks and Rec","Pope Branch Park","Rat spp.",2020
"National Capital","District Parks and Rec","Pope Branch Park","Red fox",2020
"National Capital","District Parks and Rec","Pope Branch Park","Unknown",2020
"National Capital","District Parks and Rec","Pope Branch Park","Virginia opossum",2020
"National Capital","District Parks and Rec","Pope Branch Park","White-tailed deer",2020
"National Capital","District Parks and Rec","Pope Branch Park","White-throated sparrow",2020
"National Capital","District Parks and Rec","Pope Branch Park","Woodchuck",2020
"National Capital","Fairfax County","Bren Mar Park","Domestic cat",2020
"National Capital","Fairfax County","Bren Mar Park","Eastern gray squirrel",2020
"National Capital","Fairfax County","Bren Mar Park","Empty",2020
"National Capital","Fairfax County","Bren Mar Park","Human",2020
"National Capital","Fairfax County","Bren Mar Park","Raccoon",2020
"National Capital","Fairfax County","Bren Mar Park","Red fox",2020
"National Capital","Fairfax County","Bren Mar Park","Unknown",2020
"National Capital","Fairfax County","Bren Mar Park","White-tailed deer",2020
"National Capital","Fairfax County","Bush Hill Park","American robin",2020
"National Capital","Fairfax County","Bush Hill Park","Bird",2020
"National Capital","Fairfax County","Bush Hill Park","Bird - Blue jay",2020
"National Capital","Fairfax County","Bush Hill Park","Eastern gray squirrel",2020
"National Capital","Fairfax County","Bush Hill Park","Empty",2020
"National Capital","Fairfax County","Bush Hill Park","Human",2020
"National Capital","Fairfax County","Bush Hill Park","Raccoon",2020
"National Capital","Fairfax County","Bush Hill Park","Red fox",2020
"National Capital","Fairfax County","Bush Hill Park","Unknown",2020
"National Capital","Fairfax County","Bush Hill Park","White-tailed deer",2020
"National Capital","Fairfax County","Jefferson District Park","American robin",2020
"National Capital","Fairfax County","Jefferson District Park","Bird",2020
"National Capital","Fairfax County","Jefferson District Park","Bird - Blue jay",2020
"National Capital","Fairfax County","Jefferson District Park","Coyote",2020
"National Capital","Fairfax County","Jefferson District Park","Downy Woodpecker",2020
"National Capital","Fairfax County","Jefferson District Park","Eastern cottontail rabbit",2020
"National Capital","Fairfax County","Jefferson District Park","Eastern gray squirrel",2020
"National Capital","Fairfax County","Jefferson District Park","Empty",2020
"National Capital","Fairfax County","Jefferson District Park","Human",2020
"National Capital","Fairfax County","Jefferson District Park","Mourning Dove",2020
"National Capital","Fairfax County","Jefferson District Park","Northern Flicker",2020
"National Capital","Fairfax County","Jefferson District Park","Raccoon",2020
"National Capital","Fairfax County","Jefferson District Park","Red fox",2020
"National Capital","Fairfax County","Jefferson District Park","Unknown",2020
"National Capital","Fairfax County","Jefferson District Park","White-tailed deer",2020
"National Capital","Fairfax County","Marie Butler Levin Preserve","Bird",2020
"National Capital","Fairfax County","Marie Butler Levin Preserve","Eastern gray squirrel",2020
"National Capital","Fairfax County","Marie Butler Levin Preserve","Empty",2020
"National Capital","Fairfax County","Marie Butler Levin Preserve","Flying squirrel (cannot ID)",2020
"National Capital","Fairfax County","Marie Butler Levin Preserve","Human",2020
"National Capital","Fairfax County","Marie Butler Levin Preserve","Red fox",2020
"National Capital","Fairfax County","Marie Butler Levin Preserve","Unknown",2020
"National Capital","Fairfax County","Marie Butler Levin Preserve","White-tailed deer",2020
"National Capital","Fairfax County","Mason District Park","Coyote",2020
"National Capital","Fairfax County","Mason District Park","Domestic dog",2020
"National Capital","Fairfax County","Mason District Park","Eastern gray squirrel",2020
"National Capital","Fairfax County","Mason District Park","Empty",2020
"National Capital","Fairfax County","Mason District Park","Human",2020
"National Capital","Fairfax County","Mason District Park","Raccoon",2020
"National Capital","Fairfax County","Mason District Park","Red fox",2020
"National Capital","Fairfax County","Mason District Park","Unknown",2020
"National Capital","Fairfax County","Mason District Park","White-tailed deer",2020
"National Capital","Fairfax County","McClean Central Park","American robin",2020
"National Capital","Fairfax County","McClean Central Park","Bird",2020
"National Capital","Fairfax County","McClean Central Park","Eastern gray squirrel",2020
"National Capital","Fairfax County","McClean Central Park","Empty",2020
"National Capital","Fairfax County","McClean Central Park","Human",2020
"National Capital","Fairfax County","McClean Central Park","Raccoon",2020
"National Capital","Fairfax County","McClean Central Park","Red fox",2020
"National Capital","Fairfax County","McClean Central Park","Unknown",2020
"National Capital","Fairfax County","McClean Central Park","White-tailed deer",2020
"National Capital","Fairfax County","Providence Recreation Center","American Crow",2020
"National Capital","Fairfax County","Providence Recreation Center","American robin",2020
"National Capital","Fairfax County","Providence Recreation Center","Bird",2020
"National Capital","Fairfax County","Providence Recreation Center","Bird - Blue jay",2020
"National Capital","Fairfax County","Providence Recreation Center","Carolina Wren",2020
"National Capital","Fairfax County","Providence Recreation Center","Domestic dog",2020
"National Capital","Fairfax County","Providence Recreation Center","Eastern cottontail rabbit",2020
"National Capital","Fairfax County","Providence Recreation Center","Eastern gray squirrel",2020
"National Capital","Fairfax County","Providence Recreation Center","Empty",2020
"National Capital","Fairfax County","Providence Recreation Center","Human",2020
"National Capital","Fairfax County","Providence Recreation Center","Mouse",2020
"National Capital","Fairfax County","Providence Recreation Center","Northern cardinal",2020
"National Capital","Fairfax County","Providence Recreation Center","Northern Flicker",2020
"National Capital","Fairfax County","Providence Recreation Center","Raccoon",2020
"National Capital","Fairfax County","Providence Recreation Center","Red fox",2020
"National Capital","Fairfax County","Providence Recreation Center","Unknown",2020
"National Capital","Fairfax County","Providence Recreation Center","White-tailed deer",2020
"National Capital","Fairfax County","Roundtree Park","American robin",2020
"National Capital","Fairfax County","Roundtree Park","Bird",2020
"National Capital","Fairfax County","Roundtree Park","Brown Thrasher",2020
"National Capital","Fairfax County","Roundtree Park","Domestic dog",2020
"National Capital","Fairfax County","Roundtree Park","Eastern chipmunk",2020
"National Capital","Fairfax County","Roundtree Park","Eastern cottontail rabbit",2020
"National Capital","Fairfax County","Roundtree Park","Eastern gray squirrel",2020
"National Capital","Fairfax County","Roundtree Park","Empty",2020
"National Capital","Fairfax County","Roundtree Park","Human",2020
"National Capital","Fairfax County","Roundtree Park","Raccoon",2020
"National Capital","Fairfax County","Roundtree Park","Red fox",2020
"National Capital","Fairfax County","Roundtree Park","Unknown",2020
"National Capital","Fairfax County","Roundtree Park","Virginia opossum",2020
"National Capital","Fairfax County","Roundtree Park","White-tailed deer",2020
"National Capital","Montgomery County","Capital View Homewood Park","American robin",2020
"National Capital","Montgomery County","Capital View Homewood Park","Bird",2020
"National Capital","Montgomery County","Capital View Homewood Park","Brown Thrasher",2020
"National Capital","Montgomery County","Capital View Homewood Park","Domestic cat",2020
"National Capital","Montgomery County","Capital View Homewood Park","Domestic dog",2020
"National Capital","Montgomery County","Capital View Homewood Park","Eastern chipmunk",2020
"National Capital","Montgomery County","Capital View Homewood Park","Eastern cottontail rabbit",2020
"National Capital","Montgomery County","Capital View Homewood Park","Eastern gray squirrel",2020
"National Capital","Montgomery County","Capital View Homewood Park","Empty",2020
"National Capital","Montgomery County","Capital View Homewood Park","Human",2020
"National Capital","Montgomery County","Capital View Homewood Park","Mourning Dove",2020
"National Capital","Montgomery County","Capital View Homewood Park","Mouse",2020
"National Capital","Montgomery County","Capital View Homewood Park","Northern cardinal",2020
"National Capital","Montgomery County","Capital View Homewood Park","Northern Flicker",2020
"National Capital","Montgomery County","Capital View Homewood Park","Raccoon",2020
"National Capital","Montgomery County","Capital View Homewood Park","Red fox",2020
"National Capital","Montgomery County","Capital View Homewood Park","Unknown",2020
"National Capital","Montgomery County","Capital View Homewood Park","White-tailed deer",2020
"National Capital","Montgomery County","Indian Spring Terrace Park","American robin",2020
"National Capital","Montgomery County","Indian Spring Terrace Park","Bird",2020
"National Capital","Montgomery County","Indian Spring Terrace Park","Eastern gray squirrel",2020
"National Capital","Montgomery County","Indian Spring Terrace Park","Empty",2020
"National Capital","Montgomery County","Indian Spring Terrace Park","Human",2020
"National Capital","Montgomery County","Indian Spring Terrace Park","Raccoon",2020
"National Capital","Montgomery County","Indian Spring Terrace Park","Red fox",2020
"National Capital","Montgomery County","Indian Spring Terrace Park","Unknown",2020
"National Capital","Montgomery County","Indian Spring Terrace Park","White-tailed deer",2020
"National Capital","Montgomery County","Little Falls Park 3","American robin",2020
"National Capital","Montgomery County","Little Falls Park 3","Bird",2020
"National Capital","Montgomery County","Little Falls Park 3","Common Grackle",2020
"National Capital","Montgomery County","Little Falls Park 3","Domestic dog",2020
"National Capital","Montgomery County","Little Falls Park 3","Downy Woodpecker",2020
"National Capital","Montgomery County","Little Falls Park 3","Eastern chipmunk",2020
"National Capital","Montgomery County","Little Falls Park 3","Eastern gray squirrel",2020
"National Capital","Montgomery County","Little Falls Park 3","Empty",2020
"National Capital","Montgomery County","Little Falls Park 3","Human",2020
"National Capital","Montgomery County","Little Falls Park 3","Mourning Dove",2020
"National Capital","Montgomery County","Little Falls Park 3","Mouse",2020
"National Capital","Montgomery County","Little Falls Park 3","Northern cardinal",2020
"National Capital","Montgomery County","Little Falls Park 3","Northern Flicker",2020
"National Capital","Montgomery County","Little Falls Park 3","Pileated woodpecker",2020
"National Capital","Montgomery County","Little Falls Park 3","Raccoon",2020
"National Capital","Montgomery County","Little Falls Park 3","Red Bellied Woodpecker",2020
"National Capital","Montgomery County","Little Falls Park 3","Red fox",2020
"National Capital","Montgomery County","Little Falls Park 3","Unknown",2020
"National Capital","Montgomery County","Little Falls Park 3","White-tailed deer",2020
"National Capital","Montgomery County","Little Falls SVU 2","American Crow",2020
"National Capital","Montgomery County","Little Falls SVU 2","American robin",2020
"National Capital","Montgomery County","Little Falls SVU 2","Bird",2020
"National Capital","Montgomery County","Little Falls SVU 2","Coyote",2020
"National Capital","Montgomery County","Little Falls SVU 2","Domestic dog",2020
"National Capital","Montgomery County","Little Falls SVU 2","Eastern gray squirrel",2020
"National Capital","Montgomery County","Little Falls SVU 2","Empty",2020
"National Capital","Montgomery County","Little Falls SVU 2","Human",2020
"National Capital","Montgomery County","Little Falls SVU 2","Mouse",2020
"National Capital","Montgomery County","Little Falls SVU 2","Raccoon",2020
"National Capital","Montgomery County","Little Falls SVU 2","Red fox",2020
"National Capital","Montgomery County","Little Falls SVU 2","Unknown",2020
"National Capital","Montgomery County","Little Falls SVU 2","White-tailed deer",2020
"National Capital","Montgomery County","Little Falls SVU Dalecarlia Reservoir ","American robin",2020
"National Capital","Montgomery County","Little Falls SVU Dalecarlia Reservoir ","Bird",2020
"National Capital","Montgomery County","Little Falls SVU Dalecarlia Reservoir ","Coyote",2020
"National Capital","Montgomery County","Little Falls SVU Dalecarlia Reservoir ","Domestic dog",2020
"National Capital","Montgomery County","Little Falls SVU Dalecarlia Reservoir ","Eastern gray squirrel",2020
"National Capital","Montgomery County","Little Falls SVU Dalecarlia Reservoir ","Empty",2020
"National Capital","Montgomery County","Little Falls SVU Dalecarlia Reservoir ","Human",2020
"National Capital","Montgomery County","Little Falls SVU Dalecarlia Reservoir ","Raccoon",2020
"National Capital","Montgomery County","Little Falls SVU Dalecarlia Reservoir ","Red fox",2020
"National Capital","Montgomery County","Little Falls SVU Dalecarlia Reservoir ","Unknown",2020
"National Capital","Montgomery County","Little Falls SVU Dalecarlia Reservoir ","Virginia opossum",2020
"National Capital","Montgomery County","Little Falls SVU Dalecarlia Reservoir ","White-tailed deer",2020
"National Capital","Montgomery County","Northwest SVP","Domestic dog",2020
"National Capital","Montgomery County","Northwest SVP","Eastern gray squirrel",2020
"National Capital","Montgomery County","Northwest SVP","Empty",2020
"National Capital","Montgomery County","Northwest SVP","Human",2020
"National Capital","Montgomery County","Northwest SVP","Red fox",2020
"National Capital","Montgomery County","Northwest SVP","Unknown",2020
"National Capital","Montgomery County","Northwest SVP","White-tailed deer",2020
"National Capital","Montgomery County","Paint Branch SVP","American Crow",2020
"National Capital","Montgomery County","Paint Branch SVP","American robin",2020
"National Capital","Montgomery County","Paint Branch SVP","Bird",2020
"National Capital","Montgomery County","Paint Branch SVP","Domestic dog",2020
"National Capital","Montgomery County","Paint Branch SVP","Eastern gray squirrel",2020
"National Capital","Montgomery County","Paint Branch SVP","Empty",2020
"National Capital","Montgomery County","Paint Branch SVP","Human",2020
"National Capital","Montgomery County","Paint Branch SVP","Northern Flicker",2020
"National Capital","Montgomery County","Paint Branch SVP","Raccoon",2020
"National Capital","Montgomery County","Paint Branch SVP","Red fox",2020
"National Capital","Montgomery County","Paint Branch SVP","Unknown",2020
"National Capital","Montgomery County","Paint Branch SVP","Virginia opossum",2020
"National Capital","Montgomery County","Paint Branch SVP","White-tailed deer",2020
"National Capital","Montgomery County","Rock Creek Park SVU2","Bird",2020
"National Capital","Montgomery County","Rock Creek Park SVU2","Eastern gray squirrel",2020
"National Capital","Montgomery County","Rock Creek Park SVU2","Empty",2020
"National Capital","Montgomery County","Rock Creek Park SVU2","Human",2020
"National Capital","Montgomery County","Rock Creek Park SVU2","Raccoon",2020
"National Capital","Montgomery County","Rock Creek Park SVU2","Red fox",2020
"National Capital","Montgomery County","Rock Creek Park SVU2","Unknown",2020
"National Capital","Montgomery County","Rock Creek Park SVU2","White-tailed deer",2020
"National Capital","Montgomery County","Silgo Creek Golf Course","American robin",2020
"National Capital","Montgomery County","Silgo Creek Golf Course","Bird",2020
"National Capital","Montgomery County","Silgo Creek Golf Course","Common Grackle",2020
"National Capital","Montgomery County","Silgo Creek Golf Course","Eastern chipmunk",2020
"National Capital","Montgomery County","Silgo Creek Golf Course","Eastern cottontail rabbit",2020
"National Capital","Montgomery County","Silgo Creek Golf Course","Eastern gray squirrel",2020
"National Capital","Montgomery County","Silgo Creek Golf Course","Empty",2020
"National Capital","Montgomery County","Silgo Creek Golf Course","Flying squirrel (cannot ID)",2020
"National Capital","Montgomery County","Silgo Creek Golf Course","Human",2020
"National Capital","Montgomery County","Silgo Creek Golf Course","Mouse",2020
"National Capital","Montgomery County","Silgo Creek Golf Course","Northern cardinal",2020
"National Capital","Montgomery County","Silgo Creek Golf Course","Northern Flicker",2020
"National Capital","Montgomery County","Silgo Creek Golf Course","Raccoon",2020
"National Capital","Montgomery County","Silgo Creek Golf Course","Red fox",2020
"National Capital","Montgomery County","Silgo Creek Golf Course","Unknown",2020
"National Capital","Montgomery County","Silgo Creek Golf Course","Virginia opossum",2020
"National Capital","Montgomery County","Silgo Creek Golf Course","White-tailed deer",2020
"National Capital","Montgomery County","Sligo Creek SVU1","American robin",2020
"National Capital","Montgomery County","Sligo Creek SVU1","Bird",2020
"National Capital","Montgomery County","Sligo Creek SVU1","Domestic cat",2020
"National Capital","Montgomery County","Sligo Creek SVU1","Downy Woodpecker",2020
"National Capital","Montgomery County","Sligo Creek SVU1","Eastern cottontail rabbit",2020
"National Capital","Montgomery County","Sligo Creek SVU1","Eastern gray squirrel",2020
"National Capital","Montgomery County","Sligo Creek SVU1","Empty",2020
"National Capital","Montgomery County","Sligo Creek SVU1","Human",2020
"National Capital","Montgomery County","Sligo Creek SVU1","Raccoon",2020
"National Capital","Montgomery County","Sligo Creek SVU1","Red fox",2020
"National Capital","Montgomery County","Sligo Creek SVU1","Unknown",2020
"National Capital","Montgomery County","Sligo Creek SVU1","Virginia opossum",2020
"National Capital","Montgomery County","Sligo Creek SVU1","White-tailed deer",2020
"National Capital","Montgomery County","Takoma - Piney Branch Park","American robin",2020
"National Capital","Montgomery County","Takoma - Piney Branch Park","Bird",2020
"National Capital","Montgomery County","Takoma - Piney Branch Park","Bird - Blue jay",2020
"National Capital","Montgomery County","Takoma - Piney Branch Park","Deer mouse",2020
"National Capital","Montgomery County","Takoma - Piney Branch Park","Domestic cat",2020
"National Capital","Montgomery County","Takoma - Piney Branch Park","Domestic dog",2020
"National Capital","Montgomery County","Takoma - Piney Branch Park","Eastern cottontail rabbit",2020
"National Capital","Montgomery County","Takoma - Piney Branch Park","Eastern gray squirrel",2020
"National Capital","Montgomery County","Takoma - Piney Branch Park","Empty",2020
"National Capital","Montgomery County","Takoma - Piney Branch Park","Human",2020
"National Capital","Montgomery County","Takoma - Piney Branch Park","Raccoon",2020
"National Capital","Montgomery County","Takoma - Piney Branch Park","Red fox",2020
"National Capital","Montgomery County","Takoma - Piney Branch Park","Unknown",2020
"National Capital","Montgomery County","Takoma - Piney Branch Park","White-tailed deer",2020
"National Capital","Montgomery County","Takoma - Piney Branch Park","Wood Thrush ",2020
"National Capital","Montgomery County","Takoma - Piney Branch Park","Woodchuck",2020
"National Capital","Mount Olivet Cemetery","Mount Olivet Cemetery","American robin",2020
"National Capital","Mount Olivet Cemetery","Mount Olivet Cemetery","Bird",2020
"National Capital","Mount Olivet Cemetery","Mount Olivet Cemetery","Bird - Blue jay",2020
"National Capital","Mount Olivet Cemetery","Mount Olivet Cemetery","Common Grackle",2020
"National Capital","Mount Olivet Cemetery","Mount Olivet Cemetery","Domestic cat",2020
"National Capital","Mount Olivet Cemetery","Mount Olivet Cemetery","Eastern gray squirrel",2020
"National Capital","Mount Olivet Cemetery","Mount Olivet Cemetery","Empty",2020
"National Capital","Mount Olivet Cemetery","Mount Olivet Cemetery","Human",2020
"National Capital","Mount Olivet Cemetery","Mount Olivet Cemetery","Raccoon",2020
"National Capital","Mount Olivet Cemetery","Mount Olivet Cemetery","Red fox",2020
"National Capital","Mount Olivet Cemetery","Mount Olivet Cemetery","Unknown",2020
"National Capital","Mount Olivet Cemetery","Mount Olivet Cemetery","Virginia opossum",2020
"National Capital","National Geographic Society","National Geographic Society","American robin",2020
"National Capital","National Geographic Society","National Geographic Society","Bird",2020
"National Capital","National Geographic Society","National Geographic Society","Bird - Duck",2020
"National Capital","National Geographic Society","National Geographic Society","Dark-eyed Junco",2020
"National Capital","National Geographic Society","National Geographic Society","Domestic dog",2020
"National Capital","National Geographic Society","National Geographic Society","Eastern gray squirrel",2020
"National Capital","National Geographic Society","National Geographic Society","Empty",2020
"National Capital","National Geographic Society","National Geographic Society","European Starling",2020
"National Capital","National Geographic Society","National Geographic Society","House Sparrow ",2020
"National Capital","National Geographic Society","National Geographic Society","Human",2020
"National Capital","National Geographic Society","National Geographic Society","Mourning Dove",2020
"National Capital","National Geographic Society","National Geographic Society","Northern cardinal",2020
"National Capital","National Geographic Society","National Geographic Society","Northern Flicker",2020
"National Capital","National Geographic Society","National Geographic Society","Pigeon (Rock Dove)",2020
"National Capital","National Geographic Society","National Geographic Society","Raccoon",2020
"National Capital","National Geographic Society","National Geographic Society","Rat spp.",2020
"National Capital","National Geographic Society","National Geographic Society","Unknown",2020
"National Capital","National Geographic Society","National Geographic Society","Wood Thrush ",2020
"National Capital","NOVA Parks","Upton Hill Regional Park","Bird",2020
"National Capital","NOVA Parks","Upton Hill Regional Park","Empty",2020
"National Capital","NOVA Parks","Upton Hill Regional Park","Human",2020
"National Capital","NOVA Parks","Upton Hill Regional Park","Raccoon",2020
"National Capital","NOVA Parks","Upton Hill Regional Park","Red fox",2020
"National Capital","NOVA Parks","Upton Hill Regional Park","Unknown",2020
"National Capital","NOVA Parks","Upton Hill Regional Park","White-tailed deer",2020
"National Capital","NPS - C&O Canal","C&O Canal Sycamore Island","American robin",2020
"National Capital","NPS - C&O Canal","C&O Canal Sycamore Island","Bird",2020
"National Capital","NPS - C&O Canal","C&O Canal Sycamore Island","Bird - Blue jay",2020
"National Capital","NPS - C&O Canal","C&O Canal Sycamore Island","Domestic dog",2020
"National Capital","NPS - C&O Canal","C&O Canal Sycamore Island","Eastern gray squirrel",2020
"National Capital","NPS - C&O Canal","C&O Canal Sycamore Island","Empty",2020
"National Capital","NPS - C&O Canal","C&O Canal Sycamore Island","Human",2020
"National Capital","NPS - C&O Canal","C&O Canal Sycamore Island","Mouse",2020
"National Capital","NPS - C&O Canal","C&O Canal Sycamore Island","Pileated woodpecker",2020
"National Capital","NPS - C&O Canal","C&O Canal Sycamore Island","Raccoon",2020
"National Capital","NPS - C&O Canal","C&O Canal Sycamore Island","Red fox",2020
"National Capital","NPS - C&O Canal","C&O Canal Sycamore Island","Unknown",2020
"National Capital","NPS - C&O Canal","C&O Canal Sycamore Island","Virginia opossum",2020
"National Capital","NPS - C&O Canal","C&O Canal Sycamore Island","White-tailed deer",2020
"National Capital","NPS - George Washington Memorial Parkway","Dangerfield Island","American robin",2020
"National Capital","NPS - George Washington Memorial Parkway","Dangerfield Island","Bird",2020
"National Capital","NPS - George Washington Memorial Parkway","Dangerfield Island","Bird - Blue jay",2020
"National Capital","NPS - George Washington Memorial Parkway","Dangerfield Island","Coopers Hawk",2020
"National Capital","NPS - George Washington Memorial Parkway","Dangerfield Island","Coyote",2020
"National Capital","NPS - George Washington Memorial Parkway","Dangerfield Island","Eastern gray squirrel",2020
"National Capital","NPS - George Washington Memorial Parkway","Dangerfield Island","Empty",2020
"National Capital","NPS - George Washington Memorial Parkway","Dangerfield Island","Human",2020
"National Capital","NPS - George Washington Memorial Parkway","Dangerfield Island","Raccoon",2020
"National Capital","NPS - George Washington Memorial Parkway","Dangerfield Island","Red fox",2020
"National Capital","NPS - George Washington Memorial Parkway","Dangerfield Island","Unknown",2020
"National Capital","NPS - George Washington Memorial Parkway","Dangerfield Island","White-tailed deer",2020
"National Capital","NPS - George Washington Memorial Parkway","Fort Ward Park","American robin",2020
"National Capital","NPS - George Washington Memorial Parkway","Fort Ward Park","Bird",2020
"National Capital","NPS - George Washington Memorial Parkway","Fort Ward Park","Bird - Blue jay",2020
"National Capital","NPS - George Washington Memorial Parkway","Fort Ward Park","Common Grackle",2020
"National Capital","NPS - George Washington Memorial Parkway","Fort Ward Park","Eastern chipmunk",2020
"National Capital","NPS - George Washington Memorial Parkway","Fort Ward Park","Eastern gray squirrel",2020
"National Capital","NPS - George Washington Memorial Parkway","Fort Ward Park","Empty",2020
"National Capital","NPS - George Washington Memorial Parkway","Fort Ward Park","Human",2020
"National Capital","NPS - George Washington Memorial Parkway","Fort Ward Park","Mourning Dove",2020
"National Capital","NPS - George Washington Memorial Parkway","Fort Ward Park","Mouse",2020
"National Capital","NPS - George Washington Memorial Parkway","Fort Ward Park","Northern cardinal",2020
"National Capital","NPS - George Washington Memorial Parkway","Fort Ward Park","Raccoon",2020
"National Capital","NPS - George Washington Memorial Parkway","Fort Ward Park","Red fox",2020
"National Capital","NPS - George Washington Memorial Parkway","Fort Ward Park","Unknown",2020
"National Capital","NPS - George Washington Memorial Parkway","Fort Ward Park","Virginia opossum",2020
"National Capital","NPS - George Washington Memorial Parkway","Fort Ward Park","White-tailed deer",2020
"National Capital","NPS - George Washington Memorial Parkway","Jones Point Park","American robin",2020
"National Capital","NPS - George Washington Memorial Parkway","Jones Point Park","Bird",2020
"National Capital","NPS - George Washington Memorial Parkway","Jones Point Park","Common Grackle",2020
"National Capital","NPS - George Washington Memorial Parkway","Jones Point Park","Eastern gray squirrel",2020
"National Capital","NPS - George Washington Memorial Parkway","Jones Point Park","Empty",2020
"National Capital","NPS - George Washington Memorial Parkway","Jones Point Park","European Starling",2020
"National Capital","NPS - George Washington Memorial Parkway","Jones Point Park","Human",2020
"National Capital","NPS - George Washington Memorial Parkway","Jones Point Park","Mourning Dove",2020
"National Capital","NPS - George Washington Memorial Parkway","Jones Point Park","Northern cardinal",2020
"National Capital","NPS - George Washington Memorial Parkway","Jones Point Park","Raccoon",2020
"National Capital","NPS - George Washington Memorial Parkway","Jones Point Park","Red fox",2020
"National Capital","NPS - George Washington Memorial Parkway","Jones Point Park","Unknown",2020
"National Capital","NPS - George Washington Memorial Parkway","Jones Point Park","White-tailed deer",2020
"National Capital","NPS - George Washington Memorial Parkway","Jones Point Park","Wild turkey",2020
"National Capital","NPS - George Washington Memorial Parkway","Potomac Overlook Park","Bird",2020
"National Capital","NPS - George Washington Memorial Parkway","Potomac Overlook Park","Coyote",2020
"National Capital","NPS - George Washington Memorial Parkway","Potomac Overlook Park","Domestic dog",2020
"National Capital","NPS - George Washington Memorial Parkway","Potomac Overlook Park","Eastern gray squirrel",2020
"National Capital","NPS - George Washington Memorial Parkway","Potomac Overlook Park","Empty",2020
"National Capital","NPS - George Washington Memorial Parkway","Potomac Overlook Park","Human",2020
"National Capital","NPS - George Washington Memorial Parkway","Potomac Overlook Park","Raccoon",2020
"National Capital","NPS - George Washington Memorial Parkway","Potomac Overlook Park","Red fox",2020
"National Capital","NPS - George Washington Memorial Parkway","Potomac Overlook Park","Unknown",2020
"National Capital","NPS - George Washington Memorial Parkway","Potomac Overlook Park","White-tailed deer",2020
"National Capital","NPS - George Washington Memorial Parkway","Roach Run Cell Lot","Bird",2020
"National Capital","NPS - George Washington Memorial Parkway","Roach Run Cell Lot","Brown Rat",2020
"National Capital","NPS - George Washington Memorial Parkway","Roach Run Cell Lot","Eastern cottontail rabbit",2020
"National Capital","NPS - George Washington Memorial Parkway","Roach Run Cell Lot","Eastern gray squirrel",2020
"National Capital","NPS - George Washington Memorial Parkway","Roach Run Cell Lot","Empty",2020
"National Capital","NPS - George Washington Memorial Parkway","Roach Run Cell Lot","Human",2020
"National Capital","NPS - George Washington Memorial Parkway","Roach Run Cell Lot","Raccoon",2020
"National Capital","NPS - George Washington Memorial Parkway","Roach Run Cell Lot","Red fox",2020
"National Capital","NPS - George Washington Memorial Parkway","Roach Run Cell Lot","Unknown",2020
"National Capital","NPS - George Washington Memorial Parkway","Theodore Roosevelt Island","Bird - Blue jay",2020
"National Capital","NPS - George Washington Memorial Parkway","Theodore Roosevelt Island","Domestic dog",2020
"National Capital","NPS - George Washington Memorial Parkway","Theodore Roosevelt Island","Eastern gray squirrel",2020
"National Capital","NPS - George Washington Memorial Parkway","Theodore Roosevelt Island","Empty",2020
"National Capital","NPS - George Washington Memorial Parkway","Theodore Roosevelt Island","Human",2020
"National Capital","NPS - George Washington Memorial Parkway","Theodore Roosevelt Island","Northern Flicker",2020
"National Capital","NPS - George Washington Memorial Parkway","Theodore Roosevelt Island","Raccoon",2020
"National Capital","NPS - George Washington Memorial Parkway","Theodore Roosevelt Island","Red fox",2020
"National Capital","NPS - George Washington Memorial Parkway","Theodore Roosevelt Island","Unknown",2020
"National Capital","NPS - George Washington Memorial Parkway","Theodore Roosevelt Island","Virginia opossum",2020
"National Capital","NPS - George Washington Memorial Parkway","Theodore Roosevelt Island","White-tailed deer",2020
"National Capital","NPS - George Washington Memorial Parkway","Theodore Roosevelt Island","Wild turkey",2020
"National Capital","NPS - George Washington Memorial Parkway","Turkey Run Park","American robin",2020
"National Capital","NPS - George Washington Memorial Parkway","Turkey Run Park","Bird",2020
"National Capital","NPS - George Washington Memorial Parkway","Turkey Run Park","Domestic dog",2020
"National Capital","NPS - George Washington Memorial Parkway","Turkey Run Park","Empty",2020
"National Capital","NPS - George Washington Memorial Parkway","Turkey Run Park","Human",2020
"National Capital","NPS - George Washington Memorial Parkway","Turkey Run Park","Northern cardinal",2020
"National Capital","NPS - George Washington Memorial Parkway","Turkey Run Park","Red fox",2020
"National Capital","NPS - George Washington Memorial Parkway","Turkey Run Park","Unknown",2020
"National Capital","NPS - George Washington Memorial Parkway","Turkey Run Park","White-tailed deer",2020
"National Capital","NPS - National Capital East","Bald Eagle Hill","Bird",2020
"National Capital","NPS - National Capital East","Bald Eagle Hill","Bird - Blue jay",2020
"National Capital","NPS - National Capital East","Bald Eagle Hill","Common Grackle",2020
"National Capital","NPS - National Capital East","Bald Eagle Hill","Coyote",2020
"National Capital","NPS - National Capital East","Bald Eagle Hill","Domestic cat",2020
"National Capital","NPS - National Capital East","Bald Eagle Hill","Downy Woodpecker",2020
"National Capital","NPS - National Capital East","Bald Eagle Hill","Eastern gray squirrel",2020
"National Capital","NPS - National Capital East","Bald Eagle Hill","Empty",2020
"National Capital","NPS - National Capital East","Bald Eagle Hill","Human",2020
"National Capital","NPS - National Capital East","Bald Eagle Hill","Northern cardinal",2020
"National Capital","NPS - National Capital East","Bald Eagle Hill","Northern Flicker",2020
"National Capital","NPS - National Capital East","Bald Eagle Hill","Raccoon",2020
"National Capital","NPS - National Capital East","Bald Eagle Hill","Red fox",2020
"National Capital","NPS - National Capital East","Bald Eagle Hill","Unknown",2020
"National Capital","NPS - National Capital East","Bald Eagle Hill","Virginia opossum",2020
"National Capital","NPS - National Capital East","Bald Eagle Hill","White-tailed deer",2020
"National Capital","NPS - National Capital East","Bald Eagle Hill","Wild turkey",2020
"National Capital","NPS - National Capital East","Bald Eagle Hill","Wood Thrush ",2020
"National Capital","NPS - National Capital East","Bald Eagle Hill","Woodchuck",2020
"National Capital","NPS - National Capital East","Fort DuPont","Bird",2020
"National Capital","NPS - National Capital East","Fort DuPont","Downy Woodpecker",2020
"National Capital","NPS - National Capital East","Fort DuPont","Eastern gray squirrel",2020
"National Capital","NPS - National Capital East","Fort DuPont","Empty",2020
"National Capital","NPS - National Capital East","Fort DuPont","Human",2020
"National Capital","NPS - National Capital East","Fort DuPont","Mouse",2020
"National Capital","NPS - National Capital East","Fort DuPont","Raccoon",2020
"National Capital","NPS - National Capital East","Fort DuPont","Unknown",2020
"National Capital","NPS - National Capital East","Fort DuPont","Virginia opossum",2020
"National Capital","NPS - National Capital East","Fort DuPont","White-tailed deer",2020
"National Capital","NPS - National Capital East","Fort DuPont","Wild turkey",2020
"National Capital","NPS - National Capital East","Fort Foote Park","American robin",2020
"National Capital","NPS - National Capital East","Fort Foote Park","Bird",2020
"National Capital","NPS - National Capital East","Fort Foote Park","Domestic cat",2020
"National Capital","NPS - National Capital East","Fort Foote Park","Domestic dog",2020
"National Capital","NPS - National Capital East","Fort Foote Park","Downy Woodpecker",2020
"National Capital","NPS - National Capital East","Fort Foote Park","Eastern gray squirrel",2020
"National Capital","NPS - National Capital East","Fort Foote Park","Empty",2020
"National Capital","NPS - National Capital East","Fort Foote Park","Human",2020
"National Capital","NPS - National Capital East","Fort Foote Park","Northern Flicker",2020
"National Capital","NPS - National Capital East","Fort Foote Park","Raccoon",2020
"National Capital","NPS - National Capital East","Fort Foote Park","Red fox",2020
"National Capital","NPS - National Capital East","Fort Foote Park","Unknown",2020
"National Capital","NPS - National Capital East","Fort Foote Park","Virginia opossum",2020
"National Capital","NPS - National Capital East","Fort Foote Park","White-tailed deer",2020
"National Capital","NPS - National Capital East","Kenilworth Aquatic Gardens","Bird",2020
"National Capital","NPS - National Capital East","Kenilworth Aquatic Gardens","Bird - Blue jay",2020
"National Capital","NPS - National Capital East","Kenilworth Aquatic Gardens","Coopers Hawk",2020
"National Capital","NPS - National Capital East","Kenilworth Aquatic Gardens","Eastern cottontail rabbit",2020
"National Capital","NPS - National Capital East","Kenilworth Aquatic Gardens","Eastern gray squirrel",2020
"National Capital","NPS - National Capital East","Kenilworth Aquatic Gardens","Empty",2020
"National Capital","NPS - National Capital East","Kenilworth Aquatic Gardens","Human",2020
"National Capital","NPS - National Capital East","Kenilworth Aquatic Gardens","Northern Flicker",2020
"National Capital","NPS - National Capital East","Kenilworth Aquatic Gardens","Raccoon",2020
"National Capital","NPS - National Capital East","Kenilworth Aquatic Gardens","Red fox",2020
"National Capital","NPS - National Capital East","Kenilworth Aquatic Gardens","Unknown",2020
"National Capital","NPS - National Capital East","Kenilworth Aquatic Gardens","Virginia opossum",2020
"National Capital","NPS - National Capital East","Kenilworth Aquatic Gardens","White-tailed deer",2020
"National Capital","NPS - National Capital East","Shepherds Parkways","Eastern gray squirrel",2020
"National Capital","NPS - National Capital East","Shepherds Parkways","Empty",2020
"National Capital","NPS - National Capital East","Shepherds Parkways","Human",2020
"National Capital","NPS - National Capital East","Shepherds Parkways","Northern cardinal",2020
"National Capital","NPS - National Capital East","Shepherds Parkways","Raccoon",2020
"National Capital","NPS - National Capital East","Shepherds Parkways","Red fox",2020
"National Capital","NPS - National Capital East","Shepherds Parkways","Unknown",2020
"National Capital","NPS - National Capital East","Shepherds Parkways","Virginia opossum",2020
"National Capital","NPS - National Capital East","Shepherds Parkways","White-tailed deer",2020
"National Capital","NPS - National Capital East","Shepherds Parkways","Wild turkey",2020
"National Capital","NPS - National Capital East","Shepherds Parkways","Woodchuck",2020
"National Capital","NPS - National Capital East","Shepherds Parkways","Empty",2021
"National Capital","NPS - National Capital East","Shepherds Parkways","Human",2021
"National Capital","NPS - National Capital East","Shepherds Parkways","Raccoon",2021
"National Capital","NPS - National Capital East","Shepherds Parkways","White-tailed deer",2021
"National Capital","NPS - Rock Creek","Barnard Hill Park","American robin",2020
"National Capital","NPS - Rock Creek","Barnard Hill Park","Bird",2020
"National Capital","NPS - Rock Creek","Barnard Hill Park","Domestic cat",2020
"National Capital","NPS - Rock Creek","Barnard Hill Park","Eastern chipmunk",2020
"National Capital","NPS - Rock Creek","Barnard Hill Park","Eastern gray squirrel",2020
"National Capital","NPS - Rock Creek","Barnard Hill Park","Empty",2020
"National Capital","NPS - Rock Creek","Barnard Hill Park","Human",2020
"National Capital","NPS - Rock Creek","Barnard Hill Park","Mouse",2020
"National Capital","NPS - Rock Creek","Barnard Hill Park","Raccoon",2020
"National Capital","NPS - Rock Creek","Barnard Hill Park","Red fox",2020
"National Capital","NPS - Rock Creek","Barnard Hill Park","small mammal (cannot ID)",2020
"National Capital","NPS - Rock Creek","Barnard Hill Park","Unknown",2020
"National Capital","NPS - Rock Creek","Barnard Hill Park","Virginia opossum",2020
"National Capital","NPS - Rock Creek","Barnard Hill Park","White-tailed deer",2020
"National Capital","NPS - Rock Creek","Barnard Hill Park","Woodchuck",2020
"National Capital","NPS - Rock Creek","Fort Slocum","American robin",2020
"National Capital","NPS - Rock Creek","Fort Slocum","Bird",2020
"National Capital","NPS - Rock Creek","Fort Slocum","Bird - Blue jay",2020
"National Capital","NPS - Rock Creek","Fort Slocum","Brown Thrasher",2020
"National Capital","NPS - Rock Creek","Fort Slocum","Coopers Hawk",2020
"National Capital","NPS - Rock Creek","Fort Slocum","Domestic cat",2020
"National Capital","NPS - Rock Creek","Fort Slocum","Domestic dog",2020
"National Capital","NPS - Rock Creek","Fort Slocum","Eastern chipmunk",2020
"National Capital","NPS - Rock Creek","Fort Slocum","Eastern cottontail rabbit",2020
"National Capital","NPS - Rock Creek","Fort Slocum","Eastern gray squirrel",2020
"National Capital","NPS - Rock Creek","Fort Slocum","Empty",2020
"National Capital","NPS - Rock Creek","Fort Slocum","Gray Catbird",2020
"National Capital","NPS - Rock Creek","Fort Slocum","Human",2020
"National Capital","NPS - Rock Creek","Fort Slocum","Mouse",2020
"National Capital","NPS - Rock Creek","Fort Slocum","Northern cardinal",2020
"National Capital","NPS - Rock Creek","Fort Slocum","Raccoon",2020
"National Capital","NPS - Rock Creek","Fort Slocum","Red fox",2020
"National Capital","NPS - Rock Creek","Fort Slocum","Unknown",2020
"National Capital","NPS - Rock Creek","Fort Slocum","Virginia opossum",2020
"National Capital","NPS - Rock Creek","Fort Slocum","White-tailed deer",2020
"National Capital","NPS - Rock Creek","Fort Slocum","Wood Thrush ",2020
"National Capital","NPS - Rock Creek","Glover Archibold Foundary Branch","American robin",2020
"National Capital","NPS - Rock Creek","Glover Archibold Foundary Branch","Eastern cottontail rabbit",2020
"National Capital","NPS - Rock Creek","Glover Archibold Foundary Branch","Eastern gray squirrel",2020
"National Capital","NPS - Rock Creek","Glover Archibold Foundary Branch","Empty",2020
"National Capital","NPS - Rock Creek","Glover Archibold Foundary Branch","Human",2020
"National Capital","NPS - Rock Creek","Glover Archibold Foundary Branch","Raccoon",2020
"National Capital","NPS - Rock Creek","Glover Archibold Foundary Branch","Unknown",2020
"National Capital","NPS - Rock Creek","Glover Archibold Foundary Branch","White-tailed deer",2020
"National Capital","NPS - Rock Creek","Normanstone Parkway","American robin",2020
"National Capital","NPS - Rock Creek","Normanstone Parkway","Bird",2020
"National Capital","NPS - Rock Creek","Normanstone Parkway","Bird - Blue jay",2020
"National Capital","NPS - Rock Creek","Normanstone Parkway","Eastern chipmunk",2020
"National Capital","NPS - Rock Creek","Normanstone Parkway","Eastern gray squirrel",2020
"National Capital","NPS - Rock Creek","Normanstone Parkway","Empty",2020
"National Capital","NPS - Rock Creek","Normanstone Parkway","Human",2020
"National Capital","NPS - Rock Creek","Normanstone Parkway","Mourning Dove",2020
"National Capital","NPS - Rock Creek","Normanstone Parkway","Raccoon",2020
"National Capital","NPS - Rock Creek","Normanstone Parkway","Red fox",2020
"National Capital","NPS - Rock Creek","Normanstone Parkway","Unknown",2020
"National Capital","NPS - Rock Creek","Normanstone Parkway","White-tailed deer",2020
"National Capital","NPS - Rock Creek","Rock Creek Park: Boundary Bridge","American robin",2020
"National Capital","NPS - Rock Creek","Rock Creek Park: Boundary Bridge","Coopers Hawk",2020
"National Capital","NPS - Rock Creek","Rock Creek Park: Boundary Bridge","Domestic dog",2020
"National Capital","NPS - Rock Creek","Rock Creek Park: Boundary Bridge","Eastern chipmunk",2020
"National Capital","NPS - Rock Creek","Rock Creek Park: Boundary Bridge","Eastern gray squirrel",2020
"National Capital","NPS - Rock Creek","Rock Creek Park: Boundary Bridge","Empty",2020
"National Capital","NPS - Rock Creek","Rock Creek Park: Boundary Bridge","Human",2020
"National Capital","NPS - Rock Creek","Rock Creek Park: Boundary Bridge","Mouse",2020
"National Capital","NPS - Rock Creek","Rock Creek Park: Boundary Bridge","Red fox",2020
"National Capital","NPS - Rock Creek","Rock Creek Park: Boundary Bridge","Unknown",2020
"National Capital","NPS - Rock Creek","Rock Creek Park: Boundary Bridge","Virginia opossum",2020
"National Capital","NPS - Rock Creek","Rock Creek Park: Boundary Bridge","White-tailed deer",2020
"National Capital","NPS - Rock Creek","Rock Creek Park: Piney Branch","American robin",2020
"National Capital","NPS - Rock Creek","Rock Creek Park: Piney Branch","Bird",2020
"National Capital","NPS - Rock Creek","Rock Creek Park: Piney Branch","Eastern gray squirrel",2020
"National Capital","NPS - Rock Creek","Rock Creek Park: Piney Branch","Empty",2020
"National Capital","NPS - Rock Creek","Rock Creek Park: Piney Branch","Flying squirrel (cannot ID)",2020
"National Capital","NPS - Rock Creek","Rock Creek Park: Piney Branch","Human",2020
"National Capital","NPS - Rock Creek","Rock Creek Park: Piney Branch","Raccoon",2020
"National Capital","NPS - Rock Creek","Rock Creek Park: Piney Branch","Red fox",2020
"National Capital","NPS - Rock Creek","Rock Creek Park: Piney Branch","Unknown",2020
"National Capital","NPS - Rock Creek","Rock Creek Park: Piney Branch","White-tailed deer",2020
"National Capital","NPS - Rock Creek","Rock Creek Park: Stables","Bird",2020
"National Capital","NPS - Rock Creek","Rock Creek Park: Stables","Coyote",2020
"National Capital","NPS - Rock Creek","Rock Creek Park: Stables","Domestic dog",2020
"National Capital","NPS - Rock Creek","Rock Creek Park: Stables","Eastern cottontail rabbit",2020
"National Capital","NPS - Rock Creek","Rock Creek Park: Stables","Eastern gray squirrel",2020
"National Capital","NPS - Rock Creek","Rock Creek Park: Stables","Empty",2020
"National Capital","NPS - Rock Creek","Rock Creek Park: Stables","Human",2020
"National Capital","NPS - Rock Creek","Rock Creek Park: Stables","Mouse",2020
"National Capital","NPS - Rock Creek","Rock Creek Park: Stables","Pileated woodpecker",2020
"National Capital","NPS - Rock Creek","Rock Creek Park: Stables","Raccoon",2020
"National Capital","NPS - Rock Creek","Rock Creek Park: Stables","Red fox",2020
"National Capital","NPS - Rock Creek","Rock Creek Park: Stables","Unknown",2020
"National Capital","NPS - Rock Creek","Rock Creek Park: Stables","Virginia opossum",2020
"National Capital","NPS - Rock Creek","Rock Creek Park: Stables","White-tailed deer",2020
"National Capital","Prince Georges County","Berkshire Park","Eastern cottontail rabbit",2020
"National Capital","Prince Georges County","Berkshire Park","Eastern gray squirrel",2020
"National Capital","Prince Georges County","Berkshire Park","Empty",2020
"National Capital","Prince Georges County","Berkshire Park","Human",2020
"National Capital","Prince Georges County","Berkshire Park","Raccoon",2020
"National Capital","Prince Georges County","Berkshire Park","Red fox",2020
"National Capital","Prince Georges County","Berkshire Park","Unknown",2020
"National Capital","Prince Georges County","Berkshire Park","Virginia opossum",2020
"National Capital","Prince Georges County","Berkshire Park","White-tailed deer",2020
"National Capital","Prince Georges County","Cricket Grounds","Bird",2020
"National Capital","Prince Georges County","Cricket Grounds","Domestic cat",2020
"National Capital","Prince Georges County","Cricket Grounds","Eastern gray squirrel",2020
"National Capital","Prince Georges County","Cricket Grounds","Empty",2020
"National Capital","Prince Georges County","Cricket Grounds","Human",2020
"National Capital","Prince Georges County","Cricket Grounds","Northern cardinal",2020
"National Capital","Prince Georges County","Cricket Grounds","Raccoon",2020
"National Capital","Prince Georges County","Cricket Grounds","Red fox",2020
"National Capital","Prince Georges County","Cricket Grounds","Unknown",2020
"National Capital","Prince Georges County","Cricket Grounds","Virginia opossum",2020
"National Capital","Prince Georges County","Cricket Grounds","White-tailed deer",2020
"National Capital","Prince Georges County","Glenridge Community Park","American robin",2020
"National Capital","Prince Georges County","Glenridge Community Park","Bird",2020
"National Capital","Prince Georges County","Glenridge Community Park","Dark-eyed Junco",2020
"National Capital","Prince Georges County","Glenridge Community Park","Domestic cat",2020
"National Capital","Prince Georges County","Glenridge Community Park","Eastern gray squirrel",2020
"National Capital","Prince Georges County","Glenridge Community Park","Empty",2020
"National Capital","Prince Georges County","Glenridge Community Park","Human",2020
"National Capital","Prince Georges County","Glenridge Community Park","Mourning Dove",2020
"National Capital","Prince Georges County","Glenridge Community Park","Raccoon",2020
"National Capital","Prince Georges County","Glenridge Community Park","Red fox",2020
"National Capital","Prince Georges County","Glenridge Community Park","Unknown",2020
"National Capital","Prince Georges County","Glenridge Community Park","Virginia opossum",2020
"National Capital","Prince Georges County","Glenridge Community Park","White-tailed deer",2020
"National Capital","Prince Georges County","Glenridge Community Park","Wood Thrush ",2020
"National Capital","Prince Georges County","Millwood Rec Center","American robin",2020
"National Capital","Prince Georges County","Millwood Rec Center","Bird",2020
"National Capital","Prince Georges County","Millwood Rec Center","Domestic cat",2020
"National Capital","Prince Georges County","Millwood Rec Center","Domestic dog",2020
"National Capital","Prince Georges County","Millwood Rec Center","Eastern gray squirrel",2020
"National Capital","Prince Georges County","Millwood Rec Center","Empty",2020
"National Capital","Prince Georges County","Millwood Rec Center","Human",2020
"National Capital","Prince Georges County","Millwood Rec Center","Raccoon",2020
"National Capital","Prince Georges County","Millwood Rec Center","Red fox",2020
"National Capital","Prince Georges County","Millwood Rec Center","Unknown",2020
"National Capital","Prince Georges County","Millwood Rec Center","Virginia opossum",2020
"National Capital","Prince Georges County","Millwood Rec Center","White-tailed deer",2020
"National Capital","Prince Georges County","Prince Georges Mall","American robin",2020
"National Capital","Prince Georges County","Prince Georges Mall","Bird",2020
"National Capital","Prince Georges County","Prince Georges Mall","Domestic cat",2020
"National Capital","Prince Georges County","Prince Georges Mall","Eastern gray squirrel",2020
"National Capital","Prince Georges County","Prince Georges Mall","Empty",2020
"National Capital","Prince Georges County","Prince Georges Mall","Human",2020
"National Capital","Prince Georges County","Prince Georges Mall","Mouse",2020
"National Capital","Prince Georges County","Prince Georges Mall","Raccoon",2020
"National Capital","Prince Georges County","Prince Georges Mall","Virginia opossum",2020
"National Capital","Prince Georges County","Prince Georges Mall","White-tailed deer",2020
"National Capital","Prince Georges County","Rollingcrest Pool","Bird",2020
"National Capital","Prince Georges County","Rollingcrest Pool","Bird - Blue jay",2020
"National Capital","Prince Georges County","Rollingcrest Pool","Eastern gray squirrel",2020
"National Capital","Prince Georges County","Rollingcrest Pool","Empty",2020
"National Capital","Prince Georges County","Rollingcrest Pool","Human",2020
"National Capital","Prince Georges County","Rollingcrest Pool","Mourning Dove",2020
"National Capital","Prince Georges County","Rollingcrest Pool","Northern Flicker",2020
"National Capital","Prince Georges County","Rollingcrest Pool","Raccoon",2020
"National Capital","Prince Georges County","Rollingcrest Pool","Red fox",2020
"National Capital","Prince Georges County","Rollingcrest Pool","Unknown",2020
"National Capital","Prince Georges County","Rollingcrest Pool","White-tailed deer",2020
"National Capital","Prince Georges County","Suitland Parkway","Bird",2020
"National Capital","Prince Georges County","Suitland Parkway","Eastern gray squirrel",2020
"National Capital","Prince Georges County","Suitland Parkway","Empty",2020
"National Capital","Prince Georges County","Suitland Parkway","Human",2020
"National Capital","Prince Georges County","Suitland Parkway","Raccoon",2020
"National Capital","Prince Georges County","Suitland Parkway","Red fox",2020
"National Capital","Prince Georges County","Suitland Parkway","Unknown",2020
"National Capital","Prince Georges County","Suitland Parkway","Virginia opossum",2020
"National Capital","Prince Georges County","Suitland Parkway","White-tailed deer",2020
"National Capital","Prince Georges County","Suitland Parkway","Woodchuck",2020
"National Capital","Prince Georges County","Tucker Community Center","American robin",2020
"National Capital","Prince Georges County","Tucker Community Center","Bird",2020
"National Capital","Prince Georges County","Tucker Community Center","Domestic cat",2020
"National Capital","Prince Georges County","Tucker Community Center","Domestic dog",2020
"National Capital","Prince Georges County","Tucker Community Center","Eastern cottontail rabbit",2020
"National Capital","Prince Georges County","Tucker Community Center","Eastern gray squirrel",2020
"National Capital","Prince Georges County","Tucker Community Center","Empty",2020
"National Capital","Prince Georges County","Tucker Community Center","Gray fox",2020
"National Capital","Prince Georges County","Tucker Community Center","Human",2020
"National Capital","Prince Georges County","Tucker Community Center","Raccoon",2020
"National Capital","Prince Georges County","Tucker Community Center","Red fox",2020
"National Capital","Prince Georges County","Tucker Community Center","Unknown",2020
"National Capital","Prince Georges County","Tucker Community Center","White-tailed deer",2020
"National Capital","Prince Georges County","Walker Mill Regional Park","American robin",2020
"National Capital","Prince Georges County","Walker Mill Regional Park","Bird",2020
"National Capital","Prince Georges County","Walker Mill Regional Park","Eastern gray squirrel",2020
"National Capital","Prince Georges County","Walker Mill Regional Park","Empty",2020
"National Capital","Prince Georges County","Walker Mill Regional Park","Human",2020
"National Capital","Prince Georges County","Walker Mill Regional Park","North American river otter",2020
"National Capital","Prince Georges County","Walker Mill Regional Park","Northern cardinal",2020
"National Capital","Prince Georges County","Walker Mill Regional Park","Northern Flicker",2020
"National Capital","Prince Georges County","Walker Mill Regional Park","Raccoon",2020
"National Capital","Prince Georges County","Walker Mill Regional Park","Red Bellied Woodpecker",2020
"National Capital","Prince Georges County","Walker Mill Regional Park","Red fox",2020
"National Capital","Prince Georges County","Walker Mill Regional Park","Virginia opossum",2020
"National Capital","Prince Georges County","Walker Mill Regional Park","White-tailed deer",2020
"National Capital","USDA","National Arboretum","American robin",2020
"National Capital","USDA","National Arboretum","Bird",2020
"National Capital","USDA","National Arboretum","Bird - Blue jay",2020
"National Capital","USDA","National Arboretum","Common Grackle",2020
"National Capital","USDA","National Arboretum","Eastern cottontail rabbit",2020
"National Capital","USDA","National Arboretum","Eastern gray squirrel",2020
"National Capital","USDA","National Arboretum","Empty",2020
"National Capital","USDA","National Arboretum","Human",2020
"National Capital","USDA","National Arboretum","Northern Flicker",2020
"National Capital","USDA","National Arboretum","Raccoon",2020
"National Capital","USDA","National Arboretum","Red fox",2020
"National Capital","USDA","National Arboretum","White-tailed deer",2020
"National Capital","USDA","National Arboretum","Wood Thrush ",2020
